Job Title,Company Name,Date,Job Link
Spanish,Alabama State Department of Education,2023-03-24,https://www.linkedin.com/jobs/view/spanish-at-alabama-state-department-of-education-3552862567?refId=D5NhbOLJLQ%2FOQGJyajYvWg%3D%3D&trackingId=JteSC%2FTv88%2BiWPBTSVGLFQ%3D%3D&position=1&pageNum=0&trk=public_jobs_jserp-result_search-card
Assistant Principal,Concord School District,2023-03-17,https://www.linkedin.com/jobs/view/assistant-principal-at-concord-school-district-3532679063?refId=D5NhbOLJLQ%2FOQGJyajYvWg%3D%3D&trackingId=SVL26o5LRaV1jHnHI1h6fQ%3D%3D&position=2&pageNum=0&trk=public_jobs_jserp-result_search-card
National Academic Advisor,Renaissance Learning,2023-04-03,https://www.linkedin.com/jobs/view/national-academic-advisor-at-renaissance-learning-3552299938?refId=D5NhbOLJLQ%2FOQGJyajYvWg%3D%3D&trackingId=fgzZ0HnPXZQk40q2HBcZZQ%3D%3D&position=3&pageNum=0&trk=public_jobs_jserp-result_search-card
Entry level / Office Coordinator (Remote),Easy Recruiter,2023-03-30,https://www.linkedin.com/jobs/view/entry-level-office-coordinator-remote-at-easy-recruiter-3555710840?refId=D5NhbOLJLQ%2FOQGJyajYvWg%3D%3D&trackingId=K22N3YxjcudQ3Kz0BOYJyQ%3D%3D&position=4&pageNum=0&trk=public_jobs_jserp-result_search-card
Administrative Assistant,University of Utah,2023-03-15,https://www.linkedin.com/jobs/view/administrative-assistant-at-university-of-utah-3531471819?refId=D5NhbOLJLQ%2FOQGJyajYvWg%3D%3D&trackingId=ZbXElwgxHFjSfJppn6CFyw%3D%3D&position=5&pageNum=0&trk=public_jobs_jserp-result_search-card
Administrative Support Assistant,"California State University, Northridge",2023-03-18,https://www.linkedin.com/jobs/view/administrative-support-assistant-at-california-state-university-northridge-3530132811?refId=D5NhbOLJLQ%2FOQGJyajYvWg%3D%3D&trackingId=rkDfeDjucJeMaLzwEJ%2B%2B8A%3D%3D&position=6&pageNum=0&trk=public_jobs_jserp-result_search-card
TEACHER - INSTRUCTIONAL CLASSROOM - ELEMENTARY (GRADES K-2),St. Johns County School District,2023-04-03,https://www.linkedin.com/jobs/view/teacher-instructional-classroom-elementary-grades-k-2-at-st-johns-county-school-district-3552097141?refId=D5NhbOLJLQ%2FOQGJyajYvWg%3D%3D&trackingId=RgJS5YtVThok0crleRf0mA%3D%3D&position=7&pageNum=0&trk=public_jobs_jserp-result_search-card
Kindergarten Bootcamp Instructional Aide,Centennial School District,2023-03-15,https://www.linkedin.com/jobs/view/kindergarten-bootcamp-instructional-aide-at-centennial-school-district-3532729216?refId=D5NhbOLJLQ%2FOQGJyajYvWg%3D%3D&trackingId=YoNOY4nSXDZ%2FKg6G2TALJQ%3D%3D&position=8&pageNum=0&trk=public_jobs_jserp-result_search-card
Director of Career and Technical Education,Alabama State Department of Education,2023-03-09,https://www.linkedin.com/jobs/view/director-of-career-and-technical-education-at-alabama-state-department-of-education-3552852993?refId=D5NhbOLJLQ%2FOQGJyajYvWg%3D%3D&trackingId=CABjZePgP4x69HmHIZePJQ%3D%3D&position=9&pageNum=0&trk=public_jobs_jserp-result_search-card
TEACHER - INSTRUCTIONAL CLASSROOM - ELEMENTARY (GRADES 3-5),St. Johns County School District,2023-04-03,https://www.linkedin.com/jobs/view/teacher-instructional-classroom-elementary-grades-3-5-at-st-johns-county-school-district-3552094445?refId=D5NhbOLJLQ%2FOQGJyajYvWg%3D%3D&trackingId=sRUKOt8YJi%2BUqCqiom7V%2BQ%3D%3D&position=10&pageNum=0&trk=public_jobs_jserp-result_search-card
Instructional Facilitator,Campbell County School District,2023-03-15,https://www.linkedin.com/jobs/view/instructional-facilitator-at-campbell-county-school-district-3529627032?refId=D5NhbOLJLQ%2FOQGJyajYvWg%3D%3D&trackingId=OkN8otg6QSmAqdyYEY4qcA%3D%3D&position=11&pageNum=0&trk=public_jobs_jserp-result_search-card
Administrative Assistant - Human Resources,Stanbridge University,2023-03-15,https://www.linkedin.com/jobs/view/administrative-assistant-human-resources-at-stanbridge-university-3528292917?refId=D5NhbOLJLQ%2FOQGJyajYvWg%3D%3D&trackingId=YsVYQo%2BuFikaOBI8nQNFLQ%3D%3D&position=12&pageNum=0&trk=public_jobs_jserp-result_search-card
Executive Assistant (TUC),"California State University, Northridge",2023-03-17,https://www.linkedin.com/jobs/view/executive-assistant-tuc-at-california-state-university-northridge-3528164510?refId=D5NhbOLJLQ%2FOQGJyajYvWg%3D%3D&trackingId=EsP3f%2Fs4cqgGR%2FduWlBzLg%3D%3D&position=13&pageNum=0&trk=public_jobs_jserp-result_search-card
Academic Advisor I,Columbia Southern University,2023-04-03,https://www.linkedin.com/jobs/view/academic-advisor-i-at-columbia-southern-university-3552430913?refId=D5NhbOLJLQ%2FOQGJyajYvWg%3D%3D&trackingId=fU9N3%2BO9XYKYAhhEvZ1Flg%3D%3D&position=14&pageNum=0&trk=public_jobs_jserp-result_search-card
TEACHER - INSTRUCTIONAL SUPPORT - ELEMENTARY,St. Johns County School District,2023-04-03,https://www.linkedin.com/jobs/view/teacher-instructional-support-elementary-at-st-johns-county-school-district-3552094446?refId=D5NhbOLJLQ%2FOQGJyajYvWg%3D%3D&trackingId=2vFWvXUlVuzMCxiaOk0wsA%3D%3D&position=15&pageNum=0&trk=public_jobs_jserp-result_search-card
Nurse Administrator,Alabama State Department of Education,2023-03-23,https://www.linkedin.com/jobs/view/nurse-administrator-at-alabama-state-department-of-education-3552861351?refId=D5NhbOLJLQ%2FOQGJyajYvWg%3D%3D&trackingId=f%2BhPNAzWRrp%2BWvsFIhre7g%3D%3D&position=16&pageNum=0&trk=public_jobs_jserp-result_search-card
Social Studies,Alabama State Department of Education,2023-03-14,https://www.linkedin.com/jobs/view/social-studies-at-alabama-state-department-of-education-3552864439?refId=D5NhbOLJLQ%2FOQGJyajYvWg%3D%3D&trackingId=jbd5lw%2FluPhSTFKBuU%2FsFQ%3D%3D&position=17&pageNum=0&trk=public_jobs_jserp-result_search-card
TEACHER - INSTRUCTIONAL SUPPORT - M/J (OPEN CERTIFICATION),St. Johns County School District,2023-04-03,https://www.linkedin.com/jobs/view/teacher-instructional-support-m-j-open-certification-at-st-johns-county-school-district-3552095287?refId=D5NhbOLJLQ%2FOQGJyajYvWg%3D%3D&trackingId=H6zJNzMin%2F%2B0dktORZ0ZUw%3D%3D&position=18&pageNum=0&trk=public_jobs_jserp-result_search-card
Distance Learning Assistant,Virginia Beach City Public Schools,2023-03-09,https://www.linkedin.com/jobs/view/distance-learning-assistant-at-virginia-beach-city-public-schools-3555811562?refId=D5NhbOLJLQ%2FOQGJyajYvWg%3D%3D&trackingId=a42idzHOTo%2FcoTPAjbi%2BDw%3D%3D&position=19&pageNum=0&trk=public_jobs_jserp-result_search-card
Computer Science,Alabama State Department of Education,2023-03-24,https://www.linkedin.com/jobs/view/computer-science-at-alabama-state-department-of-education-3552851872?refId=D5NhbOLJLQ%2FOQGJyajYvWg%3D%3D&trackingId=WW2vR%2BgcJiEzfpNG9r%2BuhA%3D%3D&position=20&pageNum=0&trk=public_jobs_jserp-result_search-card
Teacher - Health/Physical Education,Jefferson City Public Schools,2023-03-15,https://www.linkedin.com/jobs/view/teacher-health-physical-education-at-jefferson-city-public-schools-3529621342?refId=D5NhbOLJLQ%2FOQGJyajYvWg%3D%3D&trackingId=rxMolfgnAihlyFCjO8N5eQ%3D%3D&position=21&pageNum=0&trk=public_jobs_jserp-result_search-card
Housekeeper,Home Care With A Heart Inc,2023-03-17,https://www.linkedin.com/jobs/view/housekeeper-at-home-care-with-a-heart-inc-3532638210?refId=D5NhbOLJLQ%2FOQGJyajYvWg%3D%3D&trackingId=7DgYhMSf2bjamcbAc3x93w%3D%3D&position=22&pageNum=0&trk=public_jobs_jserp-result_search-card
IT Technician - General Posting for Possible Vacancies,Alabama State Department of Education,2023-03-09,https://www.linkedin.com/jobs/view/it-technician-general-posting-for-possible-vacancies-at-alabama-state-department-of-education-3552084790?refId=D5NhbOLJLQ%2FOQGJyajYvWg%3D%3D&trackingId=FRzKEPZRvrinZqO37Q9kMw%3D%3D&position=23&pageNum=0&trk=public_jobs_jserp-result_search-card
TEACHER - INSTRUCTIONAL SUPPORT - ELEMENTARY,St. Johns County School District,2023-04-03,https://www.linkedin.com/jobs/view/teacher-instructional-support-elementary-at-st-johns-county-school-district-3552091661?refId=D5NhbOLJLQ%2FOQGJyajYvWg%3D%3D&trackingId=9DnJrA%2FPNww3qhLh9%2FQeAQ%3D%3D&position=24&pageNum=0&trk=public_jobs_jserp-result_search-card
TEACHER - INSTRUCTIONAL SUPPORT - ELEMENTARY,St. Johns County School District,2023-04-03,https://www.linkedin.com/jobs/view/teacher-instructional-support-elementary-at-st-johns-county-school-district-3552092635?refId=D5NhbOLJLQ%2FOQGJyajYvWg%3D%3D&trackingId=yxUn1mTksMVZdKw7HSk43A%3D%3D&position=25&pageNum=0&trk=public_jobs_jserp-result_search-card
Typist Clerk III - PC# 2170,Salinas Union High School District,2023-03-17,https://www.linkedin.com/jobs/view/typist-clerk-iii-pc%23-2170-at-salinas-union-high-school-district-3532974307?refId=PQzGU9T%2F8b8ZhcYYEcrhzA%3D%3D&trackingId=Pn867YOJS2avpbHsvw6UVw%3D%3D&position=1&pageNum=1&trk=public_jobs_jserp-result_search-card
STEM - Career Technologies - General Posting for Possible Vacancies,Alabama State Department of Education,2023-03-09,https://www.linkedin.com/jobs/view/stem-career-technologies-general-posting-for-possible-vacancies-at-alabama-state-department-of-education-3552834540?refId=PQzGU9T%2F8b8ZhcYYEcrhzA%3D%3D&trackingId=AGEsthG2BC6lokvagscfRw%3D%3D&position=2&pageNum=1&trk=public_jobs_jserp-result_search-card
Learning Specialist,Villanova University,2023-03-15,https://www.linkedin.com/jobs/view/learning-specialist-at-villanova-university-3529373801?refId=PQzGU9T%2F8b8ZhcYYEcrhzA%3D%3D&trackingId=TvR%2BKNgllt1dQJ4aQ2Ih2g%3D%3D&position=3&pageNum=1&trk=public_jobs_jserp-result_search-card
Lab Technician,CenExel,2023-03-15,https://www.linkedin.com/jobs/view/lab-technician-at-cenexel-3529805384?refId=PQzGU9T%2F8b8ZhcYYEcrhzA%3D%3D&trackingId=I7Ebfh17V%2FNmcleNBVUDIQ%3D%3D&position=4&pageNum=1&trk=public_jobs_jserp-result_search-card
Administrative Assistant,University of Utah,2023-03-14,https://www.linkedin.com/jobs/view/administrative-assistant-at-university-of-utah-3531422218?refId=PQzGU9T%2F8b8ZhcYYEcrhzA%3D%3D&trackingId=0mFt8GjUrUIxOWHR8R%2Fj2w%3D%3D&position=5&pageNum=1&trk=public_jobs_jserp-result_search-card
Biological Information Specialist,US Department of Agriculture (USDA) Agricultural Research Service (ARS),2023-04-03,https://www.linkedin.com/jobs/view/biological-information-specialist-at-us-department-of-agriculture-usda-agricultural-research-service-ars-3552067214?refId=PQzGU9T%2F8b8ZhcYYEcrhzA%3D%3D&trackingId=CkUSvwcT2rtRqcBnV2yXPg%3D%3D&position=6&pageNum=1&trk=public_jobs_jserp-result_search-card
School Bookkeeper,Alabama State Department of Education,2023-03-24,https://www.linkedin.com/jobs/view/school-bookkeeper-at-alabama-state-department-of-education-3552859831?refId=PQzGU9T%2F8b8ZhcYYEcrhzA%3D%3D&trackingId=yTbtRiH2L%2B0lSeQZcl0pyQ%3D%3D&position=7&pageNum=1&trk=public_jobs_jserp-result_search-card
Physical Education,Alabama State Department of Education,2023-03-24,https://www.linkedin.com/jobs/view/physical-education-at-alabama-state-department-of-education-3552863226?refId=PQzGU9T%2F8b8ZhcYYEcrhzA%3D%3D&trackingId=4fNZuvGjqAjbCAQy%2B57jwQ%3D%3D&position=8&pageNum=1&trk=public_jobs_jserp-result_search-card
Curriculum and Instructional Specialist,University of Denver,2023-04-03,https://www.linkedin.com/jobs/view/curriculum-and-instructional-specialist-at-university-of-denver-3555832769?refId=PQzGU9T%2F8b8ZhcYYEcrhzA%3D%3D&trackingId=MmrIYrjdrO59tx8Fk8bYrQ%3D%3D&position=9&pageNum=1&trk=public_jobs_jserp-result_search-card
Administrative Assistant,University of Utah,2023-03-15,https://www.linkedin.com/jobs/view/administrative-assistant-at-university-of-utah-3531426877?refId=PQzGU9T%2F8b8ZhcYYEcrhzA%3D%3D&trackingId=2fUraLhEJZRyBtd4rm4jPg%3D%3D&position=10&pageNum=1&trk=public_jobs_jserp-result_search-card
Work Based Learning Coordinator,Concord School District,2023-03-09,https://www.linkedin.com/jobs/view/work-based-learning-coordinator-at-concord-school-district-3554894208?refId=PQzGU9T%2F8b8ZhcYYEcrhzA%3D%3D&trackingId=qThIpjYgUCiAARXSBwMgSw%3D%3D&position=11&pageNum=1&trk=public_jobs_jserp-result_search-card
COUNSELOR,Mobile County Public School System,2023-03-17,https://www.linkedin.com/jobs/view/counselor-at-mobile-county-public-school-system-3532763866?refId=PQzGU9T%2F8b8ZhcYYEcrhzA%3D%3D&trackingId=yZEhcqjfwI018eznafIUOw%3D%3D&position=12&pageNum=1&trk=public_jobs_jserp-result_search-card
TEACHER - INSTRUCTIONAL CLASSROOM - ELEMENTARY (GRADES K-2),St. Johns County School District,2023-04-03,https://www.linkedin.com/jobs/view/teacher-instructional-classroom-elementary-grades-k-2-at-st-johns-county-school-district-3552090938?refId=PQzGU9T%2F8b8ZhcYYEcrhzA%3D%3D&trackingId=dqsX%2ByqeHI%2F9RtqFgtZy5g%3D%3D&position=13&pageNum=1&trk=public_jobs_jserp-result_search-card
Educational Assistant I,JEFFERSON COUNTY SCHOOL DISTRICT 509J,2023-03-17,https://www.linkedin.com/jobs/view/educational-assistant-i-at-jefferson-county-school-district-509j-3532703331?refId=PQzGU9T%2F8b8ZhcYYEcrhzA%3D%3D&trackingId=v3LjFEbF7QbW5w9xmJ9%2B%2Fw%3D%3D&position=14&pageNum=1&trk=public_jobs_jserp-result_search-card
Physical Education/Health Teacher,Rockwood School District,2023-03-18,https://www.linkedin.com/jobs/view/physical-education-health-teacher-at-rockwood-school-district-3532993297?refId=PQzGU9T%2F8b8ZhcYYEcrhzA%3D%3D&trackingId=YJO6L6cnZ6Nr1bMNVGPiPw%3D%3D&position=15&pageNum=1&trk=public_jobs_jserp-result_search-card
Human Resource Generalist,Cecil College,2023-04-03,https://www.linkedin.com/jobs/view/human-resource-generalist-at-cecil-college-3552205679?refId=PQzGU9T%2F8b8ZhcYYEcrhzA%3D%3D&trackingId=wtiuLxjwrcHBkwe9Kmvmkw%3D%3D&position=16&pageNum=1&trk=public_jobs_jserp-result_search-card
Accounts Payable/Bookkeeper,Glen Ridge Board Of Education,2023-03-17,https://www.linkedin.com/jobs/view/accounts-payable-bookkeeper-at-glen-ridge-board-of-education-3532656425?refId=PQzGU9T%2F8b8ZhcYYEcrhzA%3D%3D&trackingId=SNv%2FEMPzHgX%2BvUckkLwouQ%3D%3D&position=17&pageNum=1&trk=public_jobs_jserp-result_search-card
Training Coordinator,Randstad USA,2023-04-03,https://www.linkedin.com/jobs/view/training-coordinator-at-randstad-usa-3555397222?refId=PQzGU9T%2F8b8ZhcYYEcrhzA%3D%3D&trackingId=jQS0Xfypz66BT8cChwkVZQ%3D%3D&position=18&pageNum=1&trk=public_jobs_jserp-result_search-card
Student Success Coach,Columbia College (SC),2023-03-16,https://www.linkedin.com/jobs/view/student-success-coach-at-columbia-college-sc-3531408592?refId=PQzGU9T%2F8b8ZhcYYEcrhzA%3D%3D&trackingId=6XBHhrGWxnSEIL6zke9UkA%3D%3D&position=19&pageNum=1&trk=public_jobs_jserp-result_search-card
Maintenance - Physical Facilities Supervisor,Alpine School District,2023-03-16,https://www.linkedin.com/jobs/view/maintenance-physical-facilities-supervisor-at-alpine-school-district-3531362842?refId=PQzGU9T%2F8b8ZhcYYEcrhzA%3D%3D&trackingId=v29nA9MB5GqhAkI%2FXkRFHw%3D%3D&position=20&pageNum=1&trk=public_jobs_jserp-result_search-card
TEACHER - INSTRUCTIONAL CLASSROOM - ELEMENTARY (GRADES K-2),St. Johns County School District,2023-04-03,https://www.linkedin.com/jobs/view/teacher-instructional-classroom-elementary-grades-k-2-at-st-johns-county-school-district-3552090936?refId=PQzGU9T%2F8b8ZhcYYEcrhzA%3D%3D&trackingId=jddReNZ8CMsp59snJt9U1A%3D%3D&position=21&pageNum=1&trk=public_jobs_jserp-result_search-card
Hospital Attendant- Patient Transporter Full-time Night Shift,The State University of New York,2023-03-15,https://www.linkedin.com/jobs/view/hospital-attendant-patient-transporter-full-time-night-shift-at-the-state-university-of-new-york-3528323540?refId=PQzGU9T%2F8b8ZhcYYEcrhzA%3D%3D&trackingId=N%2BXY60pL9d2OPb4irid41w%3D%3D&position=22&pageNum=1&trk=public_jobs_jserp-result_search-card
Executive Assistant,University of Utah,2023-03-15,https://www.linkedin.com/jobs/view/executive-assistant-at-university-of-utah-3531477026?refId=PQzGU9T%2F8b8ZhcYYEcrhzA%3D%3D&trackingId=VrVdocSHpuSucHhcwBKBUw%3D%3D&position=23&pageNum=1&trk=public_jobs_jserp-result_search-card
TEACHER - INSTRUCTIONAL CLASSROOM - ELEMENTARY (GRADES 3-5),St. Johns County School District,2023-04-03,https://www.linkedin.com/jobs/view/teacher-instructional-classroom-elementary-grades-3-5-at-st-johns-county-school-district-3552097145?refId=PQzGU9T%2F8b8ZhcYYEcrhzA%3D%3D&trackingId=SU5dbdBkbWIeiZgbbNZjiA%3D%3D&position=24&pageNum=1&trk=public_jobs_jserp-result_search-card
Child Care Assistant Supervisor-Early Connections,Boulder Valley School District,2023-03-16,https://www.linkedin.com/jobs/view/child-care-assistant-supervisor-early-connections-at-boulder-valley-school-district-3531407228?refId=PQzGU9T%2F8b8ZhcYYEcrhzA%3D%3D&trackingId=IwWTn99FO1C8EJQvDuVnhA%3D%3D&position=25&pageNum=1&trk=public_jobs_jserp-result_search-card
Child Care Assistant Supervisor-Early Connections,Boulder Valley School District,2023-03-16,https://www.linkedin.com/jobs/view/child-care-assistant-supervisor-early-connections-at-boulder-valley-school-district-3531407228?refId=nszBFPwI9NZwCivvBFevYA%3D%3D&trackingId=cjgHghh2e5vybBj%2Fvtt%2F4w%3D%3D&position=1&pageNum=2&trk=public_jobs_jserp-result_search-card
Director of Information Technology,Rose State College,2023-03-18,https://www.linkedin.com/jobs/view/director-of-information-technology-at-rose-state-college-3529979399?refId=nszBFPwI9NZwCivvBFevYA%3D%3D&trackingId=2e1gD0CYYMG9XZWq5N%2BhjA%3D%3D&position=2&pageNum=2&trk=public_jobs_jserp-result_search-card
HR Specialist - Recruiter,VOICE Charter School,2023-03-17,https://www.linkedin.com/jobs/view/hr-specialist-recruiter-at-voice-charter-school-3529946552?refId=nszBFPwI9NZwCivvBFevYA%3D%3D&trackingId=QwHZ%2BpQxIl54QcI8qXloew%3D%3D&position=3&pageNum=2&trk=public_jobs_jserp-result_search-card
School Nurse,Oyster River Cooperative School District,2023-03-17,https://www.linkedin.com/jobs/view/school-nurse-at-oyster-river-cooperative-school-district-3529739683?refId=nszBFPwI9NZwCivvBFevYA%3D%3D&trackingId=1ECpQ7cYRmvOK%2FWn6RHlIQ%3D%3D&position=4&pageNum=2&trk=public_jobs_jserp-result_search-card
TEACHER - INSTRUCTIONAL CLASSROOM - ELEMENTARY (GRADES 3-5),St. Johns County School District,2023-04-03,https://www.linkedin.com/jobs/view/teacher-instructional-classroom-elementary-grades-3-5-at-st-johns-county-school-district-3552092632?refId=nszBFPwI9NZwCivvBFevYA%3D%3D&trackingId=yLfuVTh2qc8qBa%2Bf1CnnYQ%3D%3D&position=5&pageNum=2&trk=public_jobs_jserp-result_search-card
IT Support Technician,Alabama State Department of Education,2023-03-31,https://www.linkedin.com/jobs/view/it-support-technician-at-alabama-state-department-of-education-3552089245?refId=nszBFPwI9NZwCivvBFevYA%3D%3D&trackingId=yztV5%2BGCMOGRBTMQSI3qew%3D%3D&position=6&pageNum=2&trk=public_jobs_jserp-result_search-card
COMPUTER NETWORK TECHNICIAN,Alabama State Department of Education,2023-03-09,https://www.linkedin.com/jobs/view/computer-network-technician-at-alabama-state-department-of-education-3552852886?refId=nszBFPwI9NZwCivvBFevYA%3D%3D&trackingId=M1fvmz0xZEhszPXThtppEg%3D%3D&position=7&pageNum=2&trk=public_jobs_jserp-result_search-card
Administrative Assistant,Washington State University,2023-03-18,https://www.linkedin.com/jobs/view/administrative-assistant-at-washington-state-university-3529989749?refId=nszBFPwI9NZwCivvBFevYA%3D%3D&trackingId=LKyznOf6ExRxERhFihYZeA%3D%3D&position=8&pageNum=2&trk=public_jobs_jserp-result_search-card
IT Support Analyst â€“ Desktop Support Specialist,University of Iowa,2023-03-17,https://www.linkedin.com/jobs/view/it-support-analyst-%E2%80%93-desktop-support-specialist-at-university-of-iowa-3531444871?refId=nszBFPwI9NZwCivvBFevYA%3D%3D&trackingId=cbWgCobW26K5P1zrSGeasw%3D%3D&position=9&pageNum=2&trk=public_jobs_jserp-result_search-card
Instructional Designer,Columbia College (SC),2023-03-16,https://www.linkedin.com/jobs/view/instructional-designer-at-columbia-college-sc-3531412121?refId=nszBFPwI9NZwCivvBFevYA%3D%3D&trackingId=q5L2LPIqDWZ%2BCjJlR5T3Jg%3D%3D&position=10&pageNum=2&trk=public_jobs_jserp-result_search-card
Educational Assistant II,JEFFERSON COUNTY SCHOOL DISTRICT 509J,2023-03-15,https://www.linkedin.com/jobs/view/educational-assistant-ii-at-jefferson-county-school-district-509j-3530377525?refId=nszBFPwI9NZwCivvBFevYA%3D%3D&trackingId=7jLkW8pQbBboTUEozrLagQ%3D%3D&position=11&pageNum=2&trk=public_jobs_jserp-result_search-card
Elementary School Social Worker,Hamilton Community Schools,2023-03-14,https://www.linkedin.com/jobs/view/elementary-school-social-worker-at-hamilton-community-schools-3527873080?refId=nszBFPwI9NZwCivvBFevYA%3D%3D&trackingId=zzKVLw6N8FT6%2FiS3ligrYg%3D%3D&position=12&pageNum=2&trk=public_jobs_jserp-result_search-card
Lab Technician,CenExel,2023-03-15,https://www.linkedin.com/jobs/view/lab-technician-at-cenexel-3529800926?refId=nszBFPwI9NZwCivvBFevYA%3D%3D&trackingId=TAn0dTnOKkdx1yTEzFyokw%3D%3D&position=13&pageNum=2&trk=public_jobs_jserp-result_search-card
Career Technical Teacher 2023-24,Alabama State Department of Education,2023-03-17,https://www.linkedin.com/jobs/view/career-technical-teacher-2023-24-at-alabama-state-department-of-education-3529719653?refId=nszBFPwI9NZwCivvBFevYA%3D%3D&trackingId=UId2vY%2FBsg9Pz4nYXGs1yQ%3D%3D&position=14&pageNum=2&trk=public_jobs_jserp-result_search-card
Teacher- 2023-2024 - Adult Education - Youth Engagement Counselor,Lexington-Richland School District Five,2023-03-16,https://www.linkedin.com/jobs/view/teacher-2023-2024-adult-education-youth-engagement-counselor-at-lexington-richland-school-district-five-3531362855?refId=nszBFPwI9NZwCivvBFevYA%3D%3D&trackingId=wONeAmm8%2FiVsQEJuyhlhPw%3D%3D&position=15&pageNum=2&trk=public_jobs_jserp-result_search-card
Student Teacher,Boulder Valley School District,2023-03-15,https://www.linkedin.com/jobs/view/student-teacher-at-boulder-valley-school-district-3529681393?refId=nszBFPwI9NZwCivvBFevYA%3D%3D&trackingId=m508xOf2ZXCYWhN1vcW43A%3D%3D&position=16&pageNum=2&trk=public_jobs_jserp-result_search-card
Assistant Superintendent - Educational Services,Yuba City Unified School District,2023-03-17,https://www.linkedin.com/jobs/view/assistant-superintendent-educational-services-at-yuba-city-unified-school-district-3529770942?refId=nszBFPwI9NZwCivvBFevYA%3D%3D&trackingId=1v%2Bt66%2BvXCCXC0pOL7Ut6Q%3D%3D&position=17&pageNum=2&trk=public_jobs_jserp-result_search-card
TEACHER - INSTRUCTIONAL SUPPORT - M/J,St. Johns County School District,2023-04-03,https://www.linkedin.com/jobs/view/teacher-instructional-support-m-j-at-st-johns-county-school-district-3552093614?refId=nszBFPwI9NZwCivvBFevYA%3D%3D&trackingId=3FEQveWU%2FC%2Bj9K0cfnn9sA%3D%3D&position=18&pageNum=2&trk=public_jobs_jserp-result_search-card
Junior Instructional Designer -- Educational Software,HealthCourse Inc.,2023-04-01,https://www.linkedin.com/jobs/view/junior-instructional-designer-educational-software-at-healthcourse-inc-3555376801?refId=nszBFPwI9NZwCivvBFevYA%3D%3D&trackingId=zvFpTIAu9oMSGei5TLAuKA%3D%3D&position=19&pageNum=2&trk=public_jobs_jserp-result_search-card
Physical Education Teacher,Alabama State Department of Education,2023-03-09,https://www.linkedin.com/jobs/view/physical-education-teacher-at-alabama-state-department-of-education-3552864167?refId=nszBFPwI9NZwCivvBFevYA%3D%3D&trackingId=3kR7HuaU9l2LXnpKoFPgOg%3D%3D&position=20&pageNum=2&trk=public_jobs_jserp-result_search-card
SUBSTITUTE TEACHERS,Alabama State Department of Education,2023-04-01,https://www.linkedin.com/jobs/view/substitute-teachers-at-alabama-state-department-of-education-3552833452?refId=nszBFPwI9NZwCivvBFevYA%3D%3D&trackingId=%2FEbohR2lhcw4XfpVDsEFZA%3D%3D&position=21&pageNum=2&trk=public_jobs_jserp-result_search-card
Child Care Assistant Supervisor-PSE,Boulder Valley School District,2023-03-16,https://www.linkedin.com/jobs/view/child-care-assistant-supervisor-pse-at-boulder-valley-school-district-3531408185?refId=nszBFPwI9NZwCivvBFevYA%3D%3D&trackingId=lQx%2FeThkAxkRZmo1RJicfw%3D%3D&position=22&pageNum=2&trk=public_jobs_jserp-result_search-card
"Research Technician (L,P,S)",Mississippi State University,2023-03-17,https://www.linkedin.com/jobs/view/research-technician-l-p-s-at-mississippi-state-university-3529725620?refId=nszBFPwI9NZwCivvBFevYA%3D%3D&trackingId=BH9bYmwAMTrUF%2FgOCNUiyA%3D%3D&position=23&pageNum=2&trk=public_jobs_jserp-result_search-card
Lab Technician,University of Utah,2023-03-13,https://www.linkedin.com/jobs/view/lab-technician-at-university-of-utah-3531426798?refId=nszBFPwI9NZwCivvBFevYA%3D%3D&trackingId=DlHLkIlGG3bwPTvXdgT7ig%3D%3D&position=24&pageNum=2&trk=public_jobs_jserp-result_search-card
Project Coordinator,Arrowmac,2023-04-03,https://www.linkedin.com/jobs/view/project-coordinator-at-arrowmac-3548434582?refId=nszBFPwI9NZwCivvBFevYA%3D%3D&trackingId=m16wpLWQEowbTgd6NNwOgA%3D%3D&position=25&pageNum=2&trk=public_jobs_jserp-result_search-card
Admissions Counselor,Columbia College (SC),2023-03-16,https://www.linkedin.com/jobs/view/admissions-counselor-at-columbia-college-sc-3531409461?refId=yNog76dfh9%2F4iFyl4%2BTYAw%3D%3D&trackingId=KuXjbcGr48MQiveG9uwRCQ%3D%3D&position=1&pageNum=3&trk=public_jobs_jserp-result_search-card
Cyber Security,Alabama State Department of Education,2023-03-24,https://www.linkedin.com/jobs/view/cyber-security-at-alabama-state-department-of-education-3552857275?refId=yNog76dfh9%2F4iFyl4%2BTYAw%3D%3D&trackingId=IiAgoMD9VbKPyTgAdV3m0A%3D%3D&position=2&pageNum=3&trk=public_jobs_jserp-result_search-card
Onboarding Specialist,Pikmykid,2023-04-03,https://www.linkedin.com/jobs/view/onboarding-specialist-at-pikmykid-3548438893?refId=yNog76dfh9%2F4iFyl4%2BTYAw%3D%3D&trackingId=Cc12wvP9Oy5fXy1hPZin6A%3D%3D&position=3&pageNum=3&trk=public_jobs_jserp-result_search-card
Research Assistant/Analyst,University of Utah,2023-03-10,https://www.linkedin.com/jobs/view/research-assistant-analyst-at-university-of-utah-3531417504?refId=yNog76dfh9%2F4iFyl4%2BTYAw%3D%3D&trackingId=Kz54CbQpNqBoenjWrYp5rA%3D%3D&position=4&pageNum=3&trk=public_jobs_jserp-result_search-card
Learning and Development Specialist,Harvard University,2023-03-19,https://www.linkedin.com/jobs/view/learning-and-development-specialist-at-harvard-university-3552246623?refId=yNog76dfh9%2F4iFyl4%2BTYAw%3D%3D&trackingId=CtwstyV8QdibZZPBBU4Kew%3D%3D&position=5&pageNum=3&trk=public_jobs_jserp-result_search-card
Teacher - Kindergarten,Union Public Schools,2023-03-16,https://www.linkedin.com/jobs/view/teacher-kindergarten-at-union-public-schools-3530080665?refId=yNog76dfh9%2F4iFyl4%2BTYAw%3D%3D&trackingId=inrSJ8rfwC5xd5L%2FZOIe4A%3D%3D&position=6&pageNum=3&trk=public_jobs_jserp-result_search-card
Student Success Coach,Columbia College (SC),2023-03-16,https://www.linkedin.com/jobs/view/student-success-coach-at-columbia-college-sc-3531411249?refId=yNog76dfh9%2F4iFyl4%2BTYAw%3D%3D&trackingId=r85J4F8mKajhHVzz131UAg%3D%3D&position=7&pageNum=3&trk=public_jobs_jserp-result_search-card
Academic Mentor (Part-Time),Rose State College,2023-03-18,https://www.linkedin.com/jobs/view/academic-mentor-part-time-at-rose-state-college-3529981191?refId=yNog76dfh9%2F4iFyl4%2BTYAw%3D%3D&trackingId=T8cmjS%2BzI9oxu7oxOyAfbw%3D%3D&position=8&pageNum=3&trk=public_jobs_jserp-result_search-card
School Counselor 2023/2024,Yuma Union High School District,2023-03-15,https://www.linkedin.com/jobs/view/school-counselor-2023-2024-at-yuma-union-high-school-district-3529621182?refId=yNog76dfh9%2F4iFyl4%2BTYAw%3D%3D&trackingId=h4notjoUiMBDRD79Bnc8Lg%3D%3D&position=9&pageNum=3&trk=public_jobs_jserp-result_search-card
Academic Testing Proctor (Part-Time),Rose State College,2023-03-18,https://www.linkedin.com/jobs/view/academic-testing-proctor-part-time-at-rose-state-college-3529977533?refId=yNog76dfh9%2F4iFyl4%2BTYAw%3D%3D&trackingId=75AP8lDmZw%2BUkj%2FJRWRP5Q%3D%3D&position=10&pageNum=3&trk=public_jobs_jserp-result_search-card
Assistant Athletic Director for Marketing and Fan Engagement - HKY,Lenoir-Rhyne University,2023-03-18,https://www.linkedin.com/jobs/view/assistant-athletic-director-for-marketing-and-fan-engagement-hky-at-lenoir-rhyne-university-3532945688?refId=yNog76dfh9%2F4iFyl4%2BTYAw%3D%3D&trackingId=bFKXREQGpCvvvJz9XY1Uiw%3D%3D&position=11&pageNum=3&trk=public_jobs_jserp-result_search-card
Administrative Assistant,Manchester University,2023-03-16,https://www.linkedin.com/jobs/view/administrative-assistant-at-manchester-university-3530749192?refId=yNog76dfh9%2F4iFyl4%2BTYAw%3D%3D&trackingId=bV3jw1h9zPhV%2FtsbJIioAQ%3D%3D&position=12&pageNum=3&trk=public_jobs_jserp-result_search-card
Kindergarten Bootcamp Teacher,Centennial School District,2023-03-15,https://www.linkedin.com/jobs/view/kindergarten-bootcamp-teacher-at-centennial-school-district-3532730136?refId=yNog76dfh9%2F4iFyl4%2BTYAw%3D%3D&trackingId=5csZDm1GqlU%2FqBcqzjq9zw%3D%3D&position=13&pageNum=3&trk=public_jobs_jserp-result_search-card
Entry level - Executive Assistant,Easy Recruiter,2023-03-17,https://www.linkedin.com/jobs/view/entry-level-executive-assistant-at-easy-recruiter-3532487976?refId=yNog76dfh9%2F4iFyl4%2BTYAw%3D%3D&trackingId=NyG1jSEUMiayIN6hM2iDLQ%3D%3D&position=14&pageNum=3&trk=public_jobs_jserp-result_search-card
Payroll Specialist,Cleveland County Schools,2023-03-17,https://www.linkedin.com/jobs/view/payroll-specialist-at-cleveland-county-schools-3529970997?refId=yNog76dfh9%2F4iFyl4%2BTYAw%3D%3D&trackingId=hqYtxRuQbS6uOJLBCd1AnQ%3D%3D&position=15&pageNum=3&trk=public_jobs_jserp-result_search-card
TEACHER - INSTRUCTIONAL SUPPORT - ELEMENTARY,St. Johns County School District,2023-04-03,https://www.linkedin.com/jobs/view/teacher-instructional-support-elementary-at-st-johns-county-school-district-3552091655?refId=yNog76dfh9%2F4iFyl4%2BTYAw%3D%3D&trackingId=6IYIiMvctuOwVnBh0Qs5Mw%3D%3D&position=16&pageNum=3&trk=public_jobs_jserp-result_search-card
Gifted (Itinerant),Alabama State Department of Education,2023-03-24,https://www.linkedin.com/jobs/view/gifted-itinerant-at-alabama-state-department-of-education-3552858363?refId=yNog76dfh9%2F4iFyl4%2BTYAw%3D%3D&trackingId=DZBkdw%2BHYXWjkoRilBIFmg%3D%3D&position=17&pageNum=3&trk=public_jobs_jserp-result_search-card
IT Support Consultant - Desktop Support Specialist,University of Iowa,2023-03-17,https://www.linkedin.com/jobs/view/it-support-consultant-desktop-support-specialist-at-university-of-iowa-3531449050?refId=yNog76dfh9%2F4iFyl4%2BTYAw%3D%3D&trackingId=rueS7qDjotudYeJBZ1t6ZA%3D%3D&position=18&pageNum=3&trk=public_jobs_jserp-result_search-card
Part-time Online Graduate Business Administration Faculty in Healthcare Administration,South College,2023-04-03,https://www.linkedin.com/jobs/view/part-time-online-graduate-business-administration-faculty-in-healthcare-administration-at-south-college-3548449210?refId=yNog76dfh9%2F4iFyl4%2BTYAw%3D%3D&trackingId=F0AovWOs1A%2F6CIRtlq0KNg%3D%3D&position=19&pageNum=3&trk=public_jobs_jserp-result_search-card
School Counselor,Fountain-Fort Carson School District 8,2023-03-17,https://www.linkedin.com/jobs/view/school-counselor-at-fountain-fort-carson-school-district-8-3532658738?refId=yNog76dfh9%2F4iFyl4%2BTYAw%3D%3D&trackingId=8m9GRevg29Ddvurqi5573A%3D%3D&position=20&pageNum=3&trk=public_jobs_jserp-result_search-card
Clinical Research Coordinator,Clinical Research Partners,2023-03-19,https://www.linkedin.com/jobs/view/clinical-research-coordinator-at-clinical-research-partners-3535187400?refId=yNog76dfh9%2F4iFyl4%2BTYAw%3D%3D&trackingId=wfYWscAkJ0xa87TqO%2Bn%2BwQ%3D%3D&position=21&pageNum=3&trk=public_jobs_jserp-result_search-card
Wellness Care Coordinator,University of Dayton,2023-04-03,https://www.linkedin.com/jobs/view/wellness-care-coordinator-at-university-of-dayton-3555800575?refId=yNog76dfh9%2F4iFyl4%2BTYAw%3D%3D&trackingId=YslIQgMNJlbju%2B0CnrotTQ%3D%3D&position=22&pageNum=3&trk=public_jobs_jserp-result_search-card
Psychological Examiner,Jefferson City Public Schools,2023-03-16,https://www.linkedin.com/jobs/view/psychological-examiner-at-jefferson-city-public-schools-3531366466?refId=yNog76dfh9%2F4iFyl4%2BTYAw%3D%3D&trackingId=3YY43cf8B9dwvES6JjNBCA%3D%3D&position=23&pageNum=3&trk=public_jobs_jserp-result_search-card
Director of Human Resources,Stanbridge University,2023-03-15,https://www.linkedin.com/jobs/view/director-of-human-resources-at-stanbridge-university-3528299069?refId=yNog76dfh9%2F4iFyl4%2BTYAw%3D%3D&trackingId=hNmdfLVqttxyw62bGPAPzw%3D%3D&position=24&pageNum=3&trk=public_jobs_jserp-result_search-card
Administrative Secretary -D.O. - Operations Dept. RFP8415 AA528,Central unified school district,2023-03-18,https://www.linkedin.com/jobs/view/administrative-secretary-d-o-operations-dept-rfp8415-aa528-at-central-unified-school-district-3530144887?refId=yNog76dfh9%2F4iFyl4%2BTYAw%3D%3D&trackingId=Lu6ZJs%2B1YaUzWeg%2FXLBVSg%3D%3D&position=25&pageNum=3&trk=public_jobs_jserp-result_search-card
